{
  "Developer": {
    "WhiteLabel": {
      "endpoints": [
        "/WhiteLabel/GetWhiteLabel",
        "/WhiteLabel/Update",
        "/WhiteLabel/GetPlaceholders"
      ]
    },
    "Devices": {
      "endpoints": [
        "/Devices/SetFirmware",
        "/Devices/SetZebraSettings"
      ]
    }
  },
  "Admin": {
    "Account": {
      "Profile": {
        "endpoints": [
          "/Account/GetProfile",
          "/Account/UpdateProfile"
        ]
      },
      "Authentication": {
        "2FA": {
          "endpoints": [
            "/Account/GetPsk2faData",
            "/Account/GetPsk2faDataForProfile",
            "/Account/GetPsk2faDataForAccount",
            "/Account/Enable2faForAccount",
            "/Account/Enable2faForProfile",
            "/Account/Delete2fa",
            "/Account/DeleteProfile2fa"
          ]
        },
        "Session": {
          "endpoints": [
            "/Account/RefreshAuthCookie",
            "/Account/Logout",
            "/Account/SendOtpEmailForAccount"
          ]
        },
        "Password": {
          "endpoints": [
            "/Account/ChangePassword",
            "/Account/ResetPassword",
            "/Account/ResetPasswordVerifyToken"
          ]
        }
      },
      "AccountManagement": {
        "endpoints": [
          "/Account/SetPreferredDealer",
          "/Account/GetAccount",
          "/Account/GetAccounts",
          "/Account/Create",
          "/Account/Update",
          "/Account/Delete"
        ]
      },
      "Preferences": {
        "endpoints": [
          "/Account/ChangeLanguage"
        ]
      }
    }
  },
  "Dealer": {
    "AlertLimit2": {
      "Dealer": {
        "Default": {
          "endpoints": [
            "/AlertLimit2/Dealer/GetDefault",
            "/AlertLimit2/Dealer/CreateDefault",
            "/AlertLimit2/Dealer/UpdateDefault"
          ]
        },
        "Product": {
          "endpoints": [
            "/AlertLimit2/Dealer/GetProductList",
            "/AlertLimit2/Dealer/GetProduct",
            "/AlertLimit2/Dealer/DeleteProduct",
            "/AlertLimit2/Dealer/CreateProduct",
            "/AlertLimit2/Dealer/UpdateProduct"
          ]
        }
      }
    },
    "AlertLimit": {
      "Dealer": {
        "endpoints": [
          "/AlertLimit/Dealer/Get",
          "/AlertLimit/Dealer/Update"
        ]
      }
    }
  },
  "Service": {
    "AlertLimit2": {
      "General": {
        "endpoints": [
          "/AlertLimit2/DisableAlertLimits",
          "/AlertLimit2/GetAllLimits"
        ]
      },
      "Customer": {
        "Default": {
          "endpoints": [
            "/AlertLimit2/Customer/GetDefault",
            "/AlertLimit2/Customer/CreateDefault",
            "/AlertLimit2/Customer/UpdateDefault",
            "/AlertLimit2/Customer/DeleteDefaultForConsumable"
          ]
        },
        "Product": {
          "endpoints": [
            "/AlertLimit2/Customer/GetProductList",
            "/AlertLimit2/Customer/GetProduct",
            "/AlertLimit2/Customer/DeleteProduct",
            "/AlertLimit2/Customer/CreateProduct",
            "/AlertLimit2/Customer/UpdateProduct"
          ]
        }
      },
      "Device": {
        "Default": {
          "endpoints": [
            "/AlertLimit2/Device/GetDefault",
            "/AlertLimit2/Device/CreateDefault",
            "/AlertLimit2/Device/UpdateDefault",
            "/AlertLimit2/Device/DeleteDefaultForConsumable"
          ]
        }
      }
    },
    "AlertLimit": {
      "Customer": {
        "General": {
          "endpoints": [
            "/AlertLimit/Customer/Get",
            "/AlertLimit/Customer/Update"
          ]
        },
        "Product": {
          "endpoints": [
            "/AlertLimit/Customer/Product/List",
            "/AlertLimit/Customer/Product/Update"
          ]
        }
      },
      "Device": {
        "endpoints": [
          "/AlertLimit/Device/Get",
          "/AlertLimit/Device/Update"
        ]
      }
    },
    "Ticket": {
      "General": {
        "endpoints": [
          "/Ticket/GetByNumber",
          "/Ticket/GetTickets",
          "/Ticket/Create",
          "/Ticket/Update",
          "/Ticket/CreateChild"
        ]
      },
      "Metadata": {
        "endpoints": [
          "/Ticket/GetAttachment",
          "/Ticket/GetMedia",
          "/Ticket/GetCategoryLanguage",
          "/Ticket/GetSubTypesByCategory",
          "/Ticket/GetOperators",
          "/Ticket/GetCustomerTicketStatus"
        ]
      }
    },
    "TraceVolume": {
      "endpoints": [
        "/TraceVolume/GetList",
        "/TraceVolume/Get",
        "/TraceVolume/Create",
        "/TraceVolume/Update",
        "/TraceVolume/NewEvent"
      ]
    }
  },
  "Sales": {
    "TradingPartner": {
      "endpoints": [
        "/TradingPartner/Get",
        "/TradingPartner/GetList",
        "/TradingPartner/Update"
      ]
    }
  },
  "Accounting": {},
  "Guest": {
    "Account": {
      "Password": {
        "endpoints": [
          "/Account/ResetPassword",
          "/Account/ResetPasswordVerifyToken"
        ]
      }
    }
  }
}